"ModelNumber","RMSE","Pearson","CorrectSign"
1,0.420203059402949,0.476792483759171,0.76619857107662
2,0.397332660794418,0.556087551500622,0.751170238975117
3,0.360637594719091,0.657089974127168,0.774575018477457
4,0.4201014698602,0.477183965045781,0.766444937176645
5,0.360144862639203,0.65837037636156,0.773959103227396
