"ModelNumber","RMSE","Pearson","CorrectSign"
1,0.42063501560675,0.432464496402483,0.761226885823305
2,0.39583878096989,0.529279267880769,0.749046081596713
3,0.36713295983756,0.617684733131726,0.765923099501027
4,0.420209584901003,0.434353820706064,0.761520399178163
5,0.364877550285313,0.624055493355602,0.768564719694746
