"ModelNumber","RMSE","Pearson","CorrectSign"
1,0.455732307172166,0.597272662368442,0.759696668324217
2,0.430027272770076,0.653644062453799,0.752983590253605
3,0.379106445474674,0.745087586623204,0.775733465937345
4,0.455670833430086,0.597418620825628,0.760691198408752
5,0.604942271693198,NA,0
