"ModelNumber","RMSE","Pearson","Rsquared","AICc","CorrectSign"
1,0.50954024289559,0.511010996257709,0.205723746513527,7856.58819554565,0.747389358528096
2,0.487014826400694,0.568664976198799,0.268561135292121,7013.89268214198,0.761437095972153
3,0.401742706717023,0.707908095791469,0.493038614217815,5602.47761285032,0.772998508204873
4,0.387800228611874,0.730984640494355,0.498211945226867,5571.88634125862,0.77312282446544
